Uniprot/Swissprot Protein ID,Breast (MDAMB231),Colon (HCT116),Ewing sarcoma (CHLA10),Ewing sarcoma (TC32),Melanoma (A375),Melanoma (HS895T),Melanoma (SH4),Ovary (patient sample),Prostate (PC3),Total shared,Gene,Motif,,,,,,,,,
P02545,1,1,1,1,1,1,1,1,0,8,LMNA,MOTIF 417..422,"  /note=""Nuclear localization signal""",,,,,,,,
P06748,1,1,1,1,1,1,1,1,0,8,NPM1,MOTIF 152..157,"  /note=""Nuclear localization signal""", MOTIF 191..197,"  /note=""Nuclear localization signal""",,,,,,
P31948,1,1,1,1,1,1,1,1,0,8,STIP1,MOTIF 222..239,"  /note=""Bipartite nuclear localization signal""",,,,,,,,
Q9Y266,1,1,1,1,1,1,1,1,0,8,NUDC,MOTIF 68..74,"  /note=""Nuclear localization signal""",,,,,,,,
P49321,1,1,1,1,1,0,1,1,0,7,NASP,MOTIF 716..722,"  /note=""Nuclear localization signal""",,,,,,,,
P55209,1,1,1,1,1,0,1,1,0,7,NAP1L1,MOTIF 273..279,"  /note=""Nuclear localization signal""",,,,,,,,
O60506,1,1,0,1,1,0,1,1,0,6,SYNCRIP,MOTIF 564..578,"  /note=""Bipartite nuclear localization signal""",,,,,,,,
P43243,0,1,1,1,1,0,1,1,0,6,MATR3,MOTIF 710..718,"  /note=""Nuclear localization signal""",,,,,,,,
Q12874,1,1,1,1,0,0,1,1,0,6,SF3A3,MOTIF 175..179,"  /note=""Nuclear localization signal""",,,,,,,,
Q14978,0,0,1,1,1,0,1,1,1,6,NOLC1,MOTIF 68..82,"  /note=""Nuclear localization signal""", MOTIF 384..587,"  /note=""Nuclear localization signal""", MOTIF 601..617,"  /note=""Nuclear localization signal""",,,,
Q15424,1,0,1,1,1,0,1,1,0,6,SAFB,MOTIF 599..616,"  /note=""Nuclear localization signal""",,,,,,,,
Q9BZZ5,1,1,0,1,1,0,1,1,0,6,API5,MOTIF 454..475,"  /note=""Nuclear localization signal""",,,,,,,,
Q9UNZ2,1,1,1,1,0,0,1,1,0,6,NSFL1C,MOTIF 109..115,"  /note=""Nuclear localization signal""", MOTIF 172..175,"  /note=""Nuclear localization signal""",,,,,,
P18754,1,1,1,0,0,0,1,1,0,5,RCC1,MOTIF 4..24,"  /note=""Bipartite nuclear localization signal""",,,,,,,,
P49454,0,1,1,1,0,1,0,1,0,5,CENPF,MOTIF 2919..2936,"  /note=""Nuclear localization signal""",,,,,,,,
Q08211,1,1,1,1,0,0,0,1,0,5,DHX9,MOTIF 586..595,"  /note=""Nuclear localization signal (NLS1)""", MOTIF 1155..1173,"  /note=""Nuclear localization signal (NLS2)""",,,,,,
Q99733,0,1,0,1,1,0,1,1,0,5,NAP1L4,MOTIF 265..271,"  /note=""Nuclear localization signal""",,,,,,,,
Q9BXJ9,1,1,1,1,0,0,0,1,0,5,NAA15,MOTIF 612..629,"  /note=""Bipartite nuclear localization signal""",,,,,,,,
O75937,1,0,0,1,0,0,1,1,0,4,DNAJC8,MOTIF 189..192,"  /note=""Nuclear localization signal""", MOTIF 203..206,"  /note=""Nuclear localization signal""",,,,,,
P20700,1,1,1,1,0,0,0,0,0,4,LMNB1,MOTIF 415..420,"  /note=""Nuclear localization signal""",,,,,,,,
P26358,1,1,1,0,0,0,0,1,0,4,DNMT1,MOTIF 177..205,"  /note=""Nuclear localization signal""",,,,,,,,
P52292,1,1,0,1,0,0,0,1,0,4,KPNA2,MOTIF 45..54,"  /note=""Nuclear localization signal""",,,,,,,,
P55263,1,1,0,1,0,0,0,1,0,4,ADK,MOTIF 8..16,"  /note=""Nuclear localization signal""",,,,,,,,
Q03252,1,1,1,1,0,0,0,0,0,4,LMNB2,MOTIF 435..440,"  /note=""Nuclear localization signal""",,,,,,,,
Q13148,1,1,0,1,0,0,0,1,0,4,TARDBP,MOTIF 82..98,"  /note=""Nuclear localization signal""", MOTIF 239..250,"  /note=""Nuclear export signal""",,,,,,
Q15637,1,0,1,1,0,0,0,1,0,4,SF1,MOTIF 15..19,"  /note=""Nuclear localization signal""",,,,,,,,
Q9P0K7,1,0,1,0,0,0,1,1,0,4,RAI14,MOTIF 270..276,"  /note=""Nuclear localization signal""",,,,,,,,
Q9UBZ9,0,0,1,1,1,0,0,1,0,4,REV1,MOTIF 1071..1078,"  /note=""Nuclear localization signal""",,,,,,,,
O00629,0,1,0,0,0,0,1,1,0,3,KPNA4,MOTIF 43..52,"  /note=""Nuclear localization signal""",,,,,,,,
O14497,0,0,1,1,0,0,0,1,0,3,ARID1A,MOTIF 1368..1387,"  /note=""Nuclear localization signal""",,,,,,,,
O15055,1,1,0,0,0,0,0,1,0,3,PER2,MOTIF 111..120,"  /note=""Nuclear export signal 1""", MOTIF 462..471,"  /note=""Nuclear export signal 2""", MOTIF 789..805,"  /note=""Nuclear localization signal""", MOTIF 989..996,"  /note=""Nuclear export signal 3""",,
O43148,1,0,0,1,0,0,0,1,0,3,RNMT,MOTIF 126..128,"  /note=""Nuclear localization signal""",,,,,,,,
O43818,0,1,1,0,0,0,0,1,0,3,RRP9,MOTIF 8..40,"  /note=""Nuclear localization signal""",,,,,,,,
P28340,0,0,1,1,0,0,0,1,0,3,POLD1,MOTIF 4..19,"  /note=""Nuclear localization signal""",,,,,,,,
P42166,1,0,1,0,1,0,0,0,0,3,TMPO,MOTIF 190..196,"  /note=""Nuclear localization signal""",,,,,,,,
P78347,0,0,1,1,0,0,0,1,0,3,GTF2I,MOTIF 320..327,"  /note=""Nuclear localization signal""",,,,,,,,
Q01658,0,1,0,1,0,0,0,1,0,3,DR1,MOTIF 100..103,"  /note=""Nuclear localization signal""",,,,,,,,
Q02241,0,1,0,1,0,0,0,1,0,3,KIF23,MOTIF 7..11,"  /note=""Nuclear localization signal""",,,,,,,,
Q04206,1,0,0,1,0,0,0,1,0,3,RELA,MOTIF 301..304,"  /note=""Nuclear localization signal""",,,,,,,,
Q10570,0,1,0,1,0,0,0,1,0,3,CPSF1,MOTIF 893..908,"  /note=""Nuclear localization signal""",,,,,,,,
Q14320,0,0,1,1,0,0,0,1,0,3,FAM50A,MOTIF 152..155,"  /note=""Nuclear localization signal""",,,,,,,,
Q14678,0,0,1,1,0,0,0,1,0,3,KANK1,MOTIF 43..52,"  /note=""Nuclear export signal 1 (NES 1)""", MOTIF 65..68,"  /note=""Nuclear localization signal 1 (NLS 1)""", MOTIF 125..134,"  /note=""Nuclear export signal 2 (NES 2)""", MOTIF 613..622,"  /note=""Nuclear export signal 3 (NES 3)""", MOTIF 979..992,"  /note=""Nuclear localization signal 2 (NLS 2)"""
Q15020,0,1,0,1,0,0,0,1,0,3,SART3,MOTIF 601..617,"  /note=""Nuclear localization signal""",,,,,,,,
Q5BKZ1,0,1,0,1,0,0,0,1,0,3,ZNF326,MOTIF 238..260,"  /note=""Bipartite nuclear localization signal""",,,,,,,,
Q6PIJ6,0,0,1,1,0,0,0,1,0,3,FBXO38,MOTIF 194..201,"  /note=""Nuclear export signal 1""", MOTIF 307..316,"  /note=""Nuclear export signal 2""", MOTIF 451..460,"  /note=""Nuclear export signal 3""", MOTIF 896..899,"  /note=""Nuclear localization signal""",,
Q96JN0,0,0,1,1,0,0,0,1,0,3,LCOR,MOTIF 53..57,"  /note=""Interaction with nuclear receptors""", MOTIF 339..345,"  /note=""Nuclear localization signal""",,,,,,
Q9Y4A5,0,0,1,1,0,0,0,1,0,3,TRRAP,MOTIF 2047..2062,"  /note=""Bipartite nuclear localization signal""",,,,,,,,
O00505,0,0,0,1,0,0,0,1,0,2,KPNA3,MOTIF 43..52,"  /note=""Nuclear localization signal""",,,,,,,,
O15226,0,0,1,0,0,0,0,1,0,2,NKRF,MOTIF 25..45,"  /note=""Nuclear localization signal""",,,,,,,,
O43390,0,1,1,0,0,0,0,0,0,2,HNRNPR,MOTIF 412..418,"  /note=""Nuclear localization signal""",,,,,,,,
P06400,0,0,1,0,0,0,0,1,0,2,RB1,MOTIF 860..876,"  /note=""Bipartite nuclear localization signal""",,,,,,,,
P21359,0,0,1,0,0,0,0,1,0,2,NF1,MOTIF 2555..2571,"  /note=""Bipartite nuclear localization signal""",,,,,,,,
P23610,0,1,0,0,0,0,0,1,0,2,F8A1;,MOTIF 34..36,"  /note=""Nuclear localization signal""",,,,,,,,
P29762,0,0,0,1,0,0,0,1,0,2,CRABP1,MOTIF 21..31,"  /note=""Nuclear localization signal""",,,,,,,,
P35659,0,0,0,1,0,0,0,1,0,2,DEK,MOTIF 205..221,"  /note=""Nuclear localization signal""",,,,,,,,
P41223,0,0,0,0,0,0,1,1,0,2,BUD31,MOTIF 2..10,"  /note=""Nuclear localization signal""",,,,,,,,
P51003,0,0,0,1,0,0,0,1,0,2,PAPOLA,MOTIF 490..507,"  /note=""Nuclear localization signal 1""", MOTIF 650..665,"  /note=""Nuclear localization signal 2""",,,,,,
Q14738,0,0,0,1,0,0,0,1,0,2,PPP2R5D,MOTIF 548..565,"  /note=""Nuclear localization signal""",,,,,,,,
Q14781,0,0,1,0,0,0,0,1,0,2,CBX2,MOTIF 163..168,"  /note=""Nuclear localization signal""",,,,,,,,
Q15021,0,0,0,1,0,0,0,1,0,2,NCAPD2,MOTIF 1342..1362,"  /note=""Bipartite nuclear localization signal""",,,,,,,,
Q15397,0,0,0,1,0,0,0,1,0,2,PUM3,MOTIF 106..118,"  /note=""Nuclear localization signal""",,,,,,,,
Q15911,0,0,0,1,0,0,0,1,0,2,ZFHX3,MOTIF 2615..2617,"  /note=""Nuclear localization signal""",,,,,,,,
Q16666,0,0,0,1,0,0,0,1,0,2,IFI16,MOTIF 96..100,"  /note=""Nuclear localization signal""", MOTIF 128..131,"  /note=""Nuclear localization signal""", MOTIF 134..136,"  /note=""Nuclear localization signal""", MOTIF 140..143,"  /note=""Nuclear localization signal""",,
Q53EL6,0,0,0,1,0,0,0,1,0,2,PDCD4,MOTIF 58..64,"  /note=""Nuclear localization signal""", MOTIF 241..250,"  /note=""Nuclear localization signal""",,,,,,
Q5T5X7,0,0,0,0,0,1,0,1,0,2,BEND3,MOTIF 56..58,"  /note=""Nuclear localization signal""",,,,,,,,
Q6P1J9,0,1,0,0,0,0,0,1,0,2,CDC73,MOTIF 125..139,"  /note=""Nuclear localization signal""",,,,,,,,
Q7Z2W4,0,0,0,1,0,0,0,1,0,2,ZC3HAV1,MOTIF 69..76,"  /note=""Nuclear localization signal""", MOTIF 285..292,"  /note=""Nuclear export signal""",,,,,,
Q86Z02,0,0,1,0,0,0,0,1,0,2,HIPK1,MOTIF 844..847,"  /note=""Nuclear localization signal 1 (NLS1)""",,,,,,,,
Q8IWS0,0,0,0,0,0,0,1,1,0,2,PHF6,MOTIF 13..16,"  /note=""Nuclear localization signal""", MOTIF 129..133,"  /note=""Nuclear localization signal""", MOTIF 157..169,"  /note=""Nucleolar localization signal""",,,,
Q8IXJ9,0,0,1,0,0,0,0,1,0,2,ASXL1,MOTIF 160..164,"  /note=""Nuclear localization signal 1""", MOTIF 409..413,"  /note=""Nuclear localization signal 2""",,,,,,
Q8IY67,0,0,0,1,0,0,0,1,0,2,RAVER1,MOTIF 45..60,"  /note=""Nuclear localization signal""",,,,,,,,
Q8N543,0,1,0,0,0,0,0,1,0,2,OGFOD1,MOTIF 4..20,"  /note=""Nuclear localization signal""",,,,,,,,
Q8NFD5,0,0,1,0,0,0,0,1,0,2,ARID1B,MOTIF 1358..1377,"  /note=""Nuclear localization signal""",,,,,,,,
Q8WWY3,0,0,0,1,0,0,0,1,0,2,PRPF31,MOTIF 351..364,"  /note=""Nuclear localization signal (NLS)""",,,,,,,,
Q8WYA1,0,0,1,1,0,0,0,0,0,2,ARNTL2,MOTIF 49..54,"  /note=""Nuclear localization signal""", MOTIF 177..187,"  /note=""Nuclear export signal 1""", MOTIF 392..400,"  /note=""Nuclear export signal 2""",,,,
Q8WYA6,0,0,0,1,0,0,0,1,0,2,CTNNBL1,MOTIF 16..33,"  /note=""Nuclear localization signal""", MOTIF 130..140,"  /note=""Nuclear export signal (NES)""",,,,,,
Q96AQ6,0,0,0,1,0,0,0,1,0,2,PBXIP1,MOTIF 485..505,"  /note=""Nuclear localization signal""", MOTIF 695..720,"  /note=""Nuclear localization signal""",,,,,,
Q99459,0,0,0,1,0,0,0,1,0,2,CDC5L,MOTIF 165..271,"  /note=""Nuclear localization signal""",,,,,,,,
Q9C0C2,0,0,0,1,0,0,0,1,0,2,TNKS1BP1,MOTIF 1629..1635,"  /note=""Nuclear localization signal""", MOTIF 1723..1729,"  /note=""Nuclear localization signal""",,,,,,
Q9C0C9,0,1,0,0,0,0,0,1,0,2,UBE2O,MOTIF 512..536,"  /note=""Nuclear localization signal""",,,,,,,,
Q9NYF0,0,1,0,0,0,0,0,1,0,2,DACT1,MOTIF 132..141,"  /note=""Nuclear export signal""", MOTIF 610..623,"  /note=""Bipartite nuclear localization signal""",,,,,,
Q9UBU8,0,0,0,1,0,0,0,1,0,2,MORF4L1,MOTIF 135..146,"  /note=""Nuclear localization signal""",,,,,,,,
Q9Y473,0,0,1,1,0,0,0,0,0,2,ZNF175,MOTIF 359..362,"  /note=""Nuclear localization signal""",,,,,,,,
Q9Y6D6,0,0,1,0,0,0,0,1,0,2,ARFGEF1,MOTIF 711..715,"  /note=""Nuclear localization signal (NLS)""",,,,,,,,
O14776,0,1,0,0,0,0,0,0,0,1,TCERG1,MOTIF 626..630,"  /note=""Nuclear localization signal""",,,,,,,,
O15131,0,0,0,1,0,0,0,0,0,1,KPNA5,MOTIF 42..51,"  /note=""Nuclear localization signal""",,,,,,,,
O15151,0,0,0,0,0,0,0,1,0,1,MDM4,MOTIF 442..445,"  /note=""Nuclear localization signal""",,,,,,,,
O15164,0,0,0,0,0,0,0,1,0,1,TRIM24,MOTIF 891..907,"  /note=""Nuclear localization signal""",,,,,,,,
O15360,0,0,0,0,0,0,0,1,0,1,FANCA,MOTIF 18..34,"  /note=""Nuclear localization signal""",,,,,,,,
O15381,0,0,0,0,0,0,0,1,0,1,NVL,MOTIF 49..52,"  /note=""Nucleolar localization signal""", MOTIF 85..88,"  /note=""Nuclear localization signal""", MOTIF 218..232,"  /note=""Nuclear localization signal""",,,,
O60566,0,0,0,0,0,0,0,1,0,1,BUB1B,MOTIF 111..118,"  /note=""Nuclear localization signal""",,,,,,,,
O75391,0,0,0,0,0,0,0,1,0,1,SPAG7,MOTIF 35..51,"  /note=""Nuclear localization signal""", MOTIF 122..139,"  /note=""Nuclear localization signal""",,,,,,
O75410,0,0,1,0,0,0,0,0,0,1,TACC1,MOTIF 226..241,"  /note=""Bipartite nuclear localization signal 1""", MOTIF 455..471,"  /note=""Bipartite nuclear localization signal 2""",,,,,,
O75475,0,0,0,0,0,0,0,1,0,1,PSIP1,MOTIF 146..156,"  /note=""Nuclear localization signal""",,,,,,,,
O75940,0,0,0,1,0,0,0,0,0,1,SMNDC1,MOTIF 142..160,"  /note=""Nuclear localization signal""",,,,,,,,
O95239,0,0,0,0,0,0,0,1,0,1,KIF4A,MOTIF 793..798,"  /note=""Nuclear localization signal""",,,,,,,,
P10244,0,0,0,0,0,0,0,1,0,1,MYBL2,MOTIF 411..417,"  /note=""Nuclear localization signal""", MOTIF 564..584,"  /note=""Bipartite nuclear localization signal""",,,,,,
P18074,0,0,0,0,0,0,1,0,0,1,ERCC2,MOTIF 682..695,"  /note=""Nuclear localization signal""",,,,,,,,
P19447,0,0,0,0,0,0,0,0,1,1,ERCC3,MOTIF 6..18,"  /note=""Nuclear localization signal""",,,,,,,,
P25440,0,0,0,0,0,0,0,1,0,1,BRD2,MOTIF 555..559,"  /note=""Nuclear localization signal""",,,,,,,,
P31629,0,0,0,0,0,0,0,1,0,1,HIVEP2,MOTIF 937..943,"  /note=""Nuclear localization signal""",,,,,,,,
P35227,0,0,0,0,0,0,0,1,0,1,PCGF2,MOTIF 81..95,"  /note=""Nuclear localization signal""",,,,,,,,
P36402,0,0,0,0,0,0,0,1,0,1,TCF7,MOTIF 344..348,"  /note=""Nuclear localization signal""",,,,,,,,
P42338,0,0,0,0,0,0,0,1,0,1,PIK3CB,MOTIF 410..418,"  /note=""Nuclear localization signal""",,,,,,,,
P51513,0,0,1,0,0,0,0,0,0,1,NOVA1,MOTIF 27..43,"  /note=""Bipartite nuclear localization signal""",,,,,,,,
P52294,0,0,0,0,0,0,0,1,0,1,KPNA1,MOTIF 42..51,"  /note=""Nuclear localization signal""",,,,,,,,
P52739,0,0,1,0,0,0,0,0,0,1,ZNF131,MOTIF 137..148,"  /note=""Nuclear localization signal 1""", MOTIF 317..328,"  /note=""Nuclear localization signal 2""",,,,,,
P54132,0,0,0,0,0,0,0,1,0,1,BLM,MOTIF 1334..1349,"  /note=""Nuclear localization signal""",,,,,,,,
P57772,0,0,0,0,0,0,0,1,0,1,EEFSEC,MOTIF 547..553,"  /note=""Nuclear localization signal""",,,,,,,,
Q00653,0,0,0,0,0,0,0,1,0,1,NFKB2,MOTIF 337..341,"  /note=""Nuclear localization signal""",,,,,,,,
Q03112,0,0,0,0,0,0,0,1,0,1,MECOM,MOTIF 609..622,"  /note=""Nuclear localization signal""",,,,,,,,
Q03188,0,0,1,0,0,0,0,0,0,1,CENPC,MOTIF 259..273,"  /note=""Nuclear localization signal""", MOTIF 484..499,"  /note=""Nuclear localization signal""", MOTIF 558..574,"  /note=""Nuclear localization signal""", MOTIF 780..798,"  /note=""Nuclear localization signal""",,
Q04724,0,0,0,0,0,0,0,1,0,1,TLE1,MOTIF 225..228,"  /note=""Nuclear localization signal""",,,,,,,,
Q04864,0,0,0,0,0,0,0,1,0,1,REL,MOTIF 290..295,"  /note=""Nuclear localization signal""",,,,,,,,
Q12948,0,0,1,0,0,0,0,0,0,1,FOXC1,MOTIF 78..93,"  /note=""Nuclear localization signal 1 (NLS 1)""", MOTIF 168..176,"  /note=""Nuclear localization signal 2 (NLS 2)""",,,,,,
Q12972,0,0,0,0,0,0,0,1,0,1,PPP1R8,MOTIF 185..209,"  /note=""Nuclear localization signal 1""", MOTIF 210..240,"  /note=""Nuclear localization signal 2""",,,,,,
Q13362,0,0,0,1,0,0,0,0,0,1,PPP2R5C,MOTIF 416..422,"  /note=""Nuclear localization signal""",,,,,,,,
Q13562,1,0,0,0,0,0,0,0,0,1,NEUROD1,MOTIF 87..93,"  /note=""Nuclear localization signal""",,,,,,,,
Q13769,0,0,0,0,0,0,0,1,0,1,THOC5,MOTIF 7..10,"  /note=""Nuclear localization signal""",,,,,,,,
Q14331,0,0,0,0,0,0,0,1,0,1,FRG1,MOTIF 22..32,"  /note=""Nuclear localization signal""", MOTIF 235..251,"  /note=""Bipartite nuclear localization signal""",,,,,,
Q14872,0,0,0,0,0,0,0,1,0,1,MTF1,MOTIF 133..138,"  /note=""Nuclear localization signal""",,,,,,,,
Q15025,0,0,1,0,0,0,0,0,0,1,TNIP1,MOTIF 524..530,"  /note=""Nuclear localization signal""",,,,,,,,
Q15326,0,0,0,0,0,0,0,1,0,1,ZMYND11,MOTIF 394..400,"  /note=""Nuclear localization signal""",,,,,,,,
Q16527,0,0,0,0,0,0,0,1,0,1,CSRP2,MOTIF 64..69,"  /note=""Nuclear localization signal""",,,,,,,,
Q49MI3,0,0,1,0,0,0,0,0,0,1,CERKL,MOTIF 2..9,"  /note=""Nuclear localization signal 1""", MOTIF 102..106,"  /note=""Nuclear localization signal 2""",,,,,,
Q58F21,0,0,0,0,0,0,0,1,0,1,BRDT,MOTIF 209..220,"  /note=""Nuclear localization signal""",,,,,,,,
Q5H9F3,0,0,0,0,0,0,1,0,0,1,BCORL1,MOTIF 1328..1336,"  /note=""Nuclear localization signal""",,,,,,,,
Q5T1R4,0,0,0,0,0,0,0,1,0,1,HIVEP3,MOTIF 903..909,"  /note=""Nuclear localization signal""",,,,,,,,
Q5T3J3,0,0,1,0,0,0,0,0,0,1,LRIF1,MOTIF 628..631,"  /note=""Nuclear localization signal""", MOTIF 642..645,"  /note=""Nuclear localization signal""",,,,,,
Q68DK7,0,0,1,0,0,0,0,0,0,1,MSL1,MOTIF 317..346,"  /note=""Nuclear localization signal""", MOTIF 505..519,"  /note=""Bipartite nuclear localization signal""",,,,,,
Q6GQQ9,0,0,1,0,0,0,0,0,0,1,OTUD7B,MOTIF 483..498,"  /note=""Nuclear localization signal""",,,,,,,,
Q6ZW49,0,0,1,0,0,0,0,0,0,1,PAXIP1,MOTIF 702..719,"  /note=""Nuclear localization signal""",,,,,,,,
Q76L83,0,0,1,0,0,0,0,0,0,1,ASXL2,MOTIF 174..178,"  /note=""Nuclear localization signal""",,,,,,,,
Q7RTP6,0,0,0,0,0,0,0,1,0,1,MICAL3,MOTIF 663..684,"  /note=""Nuclear localization signal""",,,,,,,,
Q7Z333,0,0,0,0,0,0,0,1,0,1,SETX,MOTIF 2070..2087,"  /note=""Bipartite nuclear localization signal""",,,,,,,,
Q7Z401,0,0,0,0,0,0,0,1,0,1,DENND4A,MOTIF 917..933,"  /note=""Bipartite nuclear localization signal""",,,,,,,,
Q86U44,0,0,0,0,0,0,0,1,0,1,METTL3,MOTIF 210..215,"  /note=""Nuclear localization signal""",,,,,,,,
Q86WB0,0,0,0,0,0,0,0,1,0,1,ZC3HC1,MOTIF 396..402,"  /note=""Nuclear localization signal""",,,,,,,,
Q8IX01,0,0,0,0,0,0,0,1,0,1,SUGP2,MOTIF 995..1000,"  /note=""Nuclear localization signal""",,,,,,,,
Q8IZX4,0,0,0,0,0,0,0,1,0,1,TAF1L,MOTIF 1370..1377,"  /note=""Nuclear localization signal""",,,,,,,,
Q8N1G2,0,0,0,0,1,0,0,0,0,1,CMTR1,MOTIF 2..19,"  /note=""Bipartite nuclear localization signal""",,,,,,,,
Q8NDT2,0,0,0,0,0,0,0,1,0,1,RBM15B,MOTIF 593..597,"  /note=""Nuclear localization signal""",,,,,,,,
Q8NI27,0,0,0,0,0,0,0,1,0,1,THOC2,MOTIF 923..928,"  /note=""Nuclear localization signal""",,,,,,,,
Q8TDY2,0,0,0,0,0,0,0,1,0,1,RB1CC1,MOTIF 566..569,"  /note=""Nuclear localization signal""",,,,,,,,
Q92547,0,0,0,0,0,0,0,1,0,1,TOPBP1,MOTIF 852..858,"  /note=""Nuclear localization signal""", MOTIF 1517..1520,"  /note=""Nuclear localization signal""",,,,,,
Q92560,0,0,0,0,0,0,0,1,0,1,BAP1,MOTIF 717..722,"  /note=""Nuclear localization signal""",,,,,,,,
Q92630,0,0,1,0,0,0,0,0,0,1,DYRK2,MOTIF 189..191,"  /note=""Nuclear localization signal""",,,,,,,,
Q92800,0,0,0,0,0,0,0,1,0,1,EZH1,MOTIF 491..496,"  /note=""Nuclear localization signal""",,,,,,,,
Q96GQ7,0,0,0,0,0,0,0,1,0,1,DDX27,MOTIF 195..200,"  /note=""Nuclear localization signal""",,,,,,,,
Q96IK5,0,0,0,0,0,0,0,1,0,1,GMCL1,MOTIF 49..55,"  /note=""Nuclear localization signal""", MOTIF 85..91,"  /note=""Nuclear localization signal""",,,,,,
Q96MN9,0,1,0,0,0,0,0,0,0,1,ZNF488,MOTIF 298..305,"  /note=""Nuclear localization signal""",,,,,,,,
Q96PU8,0,0,0,1,0,0,0,0,0,1,QKI,MOTIF 324..330,"  /note=""Nuclear localization signal""",,,,,,,,
Q96S44,0,0,0,0,0,0,0,1,0,1,TP53RK,MOTIF 78..95,"  /note=""Nuclear localization signal""",,,,,,,,
Q99697,0,0,0,0,0,0,0,1,0,1,PITX2,MOTIF 285..289,"  /note=""Nuclear localization signal""",,,,,,,,
Q9BRQ0,0,0,0,0,0,0,0,1,0,1,PYGO2,MOTIF 41..47,"  /note=""Nuclear localization signal""",,,,,,,,
Q9BRS8,0,0,1,0,0,0,0,0,0,1,LARP6,MOTIF 186..193,"  /note=""Nuclear export signal""", MOTIF 296..302,"  /note=""Nuclear localization signal""",,,,,,
Q9H814,0,0,0,0,0,0,0,1,0,1,PHAX,MOTIF 81..84,"  /note=""Nuclear localization signal""", MOTIF 130..139,"  /note=""Nuclear export signal""", MOTIF 198..201,"  /note=""Nuclear localization signal""",,,,
Q9H8V3,0,0,1,0,0,0,0,0,0,1,ECT2,MOTIF 378..382,"  /note=""Nuclear localization signal""", MOTIF 401..405,"  /note=""Nuclear localization signal""",,,,,,
Q9HAJ7,0,0,0,0,0,0,0,1,0,1,SAP30L,MOTIF 86..91,"  /note=""Nuclear localization signal (NLS)""",,,,,,,,
Q9HAN9,0,0,0,0,0,0,0,1,0,1,NMNAT1,MOTIF 123..129,"  /note=""Nuclear localization signal""",,,,,,,,
Q9HB58,0,0,1,0,0,0,0,0,0,1,SP110,MOTIF 281..294,"  /note=""Nuclear localization signal""", MOTIF 428..444,"  /note=""Nuclear localization signal""",,,,,,
Q9NPI1,0,0,0,0,0,0,0,1,0,1,BRD7,MOTIF 65..96,"  /note=""Nuclear localization signal""",,,,,,,,
Q9NUL5,0,0,0,0,0,0,0,1,0,1,SHFL,MOTIF 121..137,"  /note=""Nuclear localization signal""", MOTIF 261..269,"  /note=""Nuclear export signal""",,,,,,
Q9NVM9,0,0,0,0,0,0,0,1,0,1,INTS13,MOTIF 572..582,"  /note=""Nuclear localization signal (NLS)""",,,,,,,,
Q9NYB0,0,1,0,0,0,0,0,0,0,1,TERF2IP,MOTIF 383..399,"  /note=""Nuclear localization signal""",,,,,,,,
Q9NZT2,0,0,0,0,0,0,0,1,0,1,OGFR,MOTIF 267..283,"  /note=""Bipartite nuclear localization signal""",,,,,,,,
Q9P016,0,0,0,0,0,0,0,1,0,1,THYN1,MOTIF 5..10,"  /note=""Nuclear localization signal""",,,,,,,,
Q9UBU9,0,0,0,0,0,0,0,1,0,1,NXF1,MOTIF 67..100,"  /note=""Nuclear localization signal""", MOTIF 83..110,"  /note=""Nuclear export signal""",,,,,,
Q9UFW8,0,0,0,0,0,0,0,1,0,1,CGGBP1,MOTIF 80..84,"  /note=""Nuclear localization signal""",,,,,,,,
Q9UGN5,0,0,0,0,0,0,0,1,0,1,PARP2,MOTIF 4..7,"  /note=""Nuclear localization signal""", MOTIF 35..40,"  /note=""Nuclear localization signal""",,,,,,
Q9UGU0,0,0,0,0,0,0,0,1,0,1,TCF20,MOTIF 1254..1268,"  /note=""Nuclear localization signal""", MOTIF 1576..1600,"  /note=""Nuclear localization signal""", MOTIF 1785..1792,"  /note=""Nuclear localization signal""",,,,
Q9UIS9,1,0,0,0,0,0,0,0,0,1,MBD1,MOTIF 84..88,"  /note=""Nuclear localization signal""",,,,,,,,
Q9ULW6,0,0,0,0,0,0,0,1,0,1,NAP1L2,MOTIF 346..352,"  /note=""Nuclear localization signal""",,,,,,,,
Q9ULX6,0,0,0,0,0,0,0,1,0,1,AKAP8L,MOTIF 274..279,"  /note=""Nuclear localization signal""", MOTIF 280..296,"  /note=""Nuclear export signal (NES)""", MOTIF 362..364,"  /note=""Nuclear localization signal""",,,,
Q9UQ84,0,1,0,0,0,0,0,0,0,1,EXO1,MOTIF 418..421,"  /note=""Nuclear localization signal""",,,,,,,,
Q9Y5A7,0,0,0,0,0,0,0,1,0,1,NUB1,MOTIF 414..431,"  /note=""Nuclear localization signal""",,,,,,,,
