Gene,Modified samples ,Type of cancer,Mutation,Protein Change
LMNA,,,,
NPM1,1,Colon,Missense,I196V
STIP1,1,Colon,Splice,X224
NUDC,,,,
NASP,1,Melanoma,Splice,X720
NAP1L1,2,ovary;colon,Missense,K276Q; H279Y
SYNCRIP,2,Colon; ovary,Missense,R565H; R577W
MATR3,,,,
SF3A3,,,,
NOLC1,,,,
SAFB,2,melanoma;breast,Missense,S604Y; K609E
API5,1,breast,Nonsense,G472*
NSFL1C,,,,
RCC1,1,colon,Frame_Shift_Del,P13Qfs*11
CENPF,,,,
DHX9,,,,
NAP1L4,,,,
NAA15,,,,
DNAJC8,,,,
LMNB1,,,,
DNMT1,1,colon,missense,S189L
KPNA2,,,,
ADK,1,colon,missense,V15A
LMNB2,,,,
TARDBP,,,,
SF1,,,,
RAI14,,,,
REV1,,,,
KPNA4,,,,
ARID1A,,,,
PER2,,,,
RNMT,,,,
RRP9,,,,
POLD1,,,,
TMPO,,,,
GTF2I,,,,
DR1,,,,
KIF23,,,,
RELA,,,,
CPSF1,1,ovary,missense,V895F
FAM50A,,,,
KANK1,,,,
SART3,1,colon,missense,K612T
ZNF326,,,,
FBXO38,,,,
LCOR,,,,
TRRAP,,,,
KPNA3,,,,
NKRF,,,,
HNRNPR,,,,
RB1,,,,
NF1,,,,
F8A1,,,,
CRABP1,,,,
DEK,,,,
BUD31,1,ovary,missense,K3E
PAPOLA,,,,
PPP2R5D,,,,
CBX2,,,,
NCAPD2,,,,
PUM3,,,,
ZFHX3,,,,
IFI16,,,,
PDCD4,,,,
BEND3,,,,
CDC73,2,colon,missense,R139Q
HIPK1,,,,
PHF6,,,,
ASXL1,,,,
RAVER1,,,,
OGFOD1,1,ovary,Frame_Shift_Del,"	K17Rfs*6"
ARID1B,,,,
PRPF31,,,,
ARNTL2,,,,
CTNNBL1,,,,
PBXIP1,,,,
CDC5L,,,,
TNKS1BP1,,,,
UBE2O,1,colon,missense,R525C
DACT1,,,,
MORF4L1,,,,
ZNF175,,,,
ARFGEF1,,,,
TCERG1,1,colon,Frame_Shift_Ins (truncating),R628Tfs*6
KPNA5,,,,
MDM4,,,,
TRIM24,,,,
FANCA,,,,
NVL,,,,
BUB1B,,,,
SPAG7,,,,
TACC1,,,,
PSIP1,,,,
SMNDC1,,,,
KIF4A,,,,
MYBL2,,,,
ERCC2,1,melanoma,Missense,"	R695C"
ERCC3,,,,
BRD2,,,,
HIVEP2,,,,
PCGF2,,,,
TCF7,,,,
PIK3CB,,,,
NOVA1,,,,
KPNA1,,,,
ZNF131,,,,
BLM,,,,
EEFSEC,,,,
NFKB2,,,,
MECOM,,,,
CENPC,,,,
TLE1,,,,
REL,,,,
FOXC1,,,,
PPP1R8,,,,
PPP2R5C,,,,
NEUROD1,,,,
THOC5,,,,
FRG1,,,,
MTF1,,,,
TNIP1,,,,
ZMYND11,,,,
CSRP2,,,,
CERKL,,,,
BRDT,,,,
BCORL1,,,,
HIVEP3,,,,
LRIF1,,,,
MSL1,1,ewing sarcoma,Missense,G328E
OTUD7B,,,,
PAXIP1,,,,
ASXL2,,,,
MICAL3,1,ovary,missense,R663L
SETX,,,,
DENND4A,,,,
METTL3,,,,
ZC3HC1,,,,
SUGP2,,,,
TAF1L,,,,
CMTR1,1,melanoma,missense,"	P7Q"
RBM15B,,,,
THOC2,,,,
RB1CC1,,,,
TOPBP1,,,,
BAP1,,,,
DYRK2,,,,
EZH1,,,,
DDX27,,,,
GMCL1,,,,
ZNF488,,,,
QKI,,,,
TP53RK,,,,
PITX2,,,,
PYGO2,,,,
LARP6,,,,
PHAX,,,,
ECT2,,,,
SAP30L,,,,
NMNAT1,,,,
SP110,1,ewing sarcoma,Missense,C283Y
BRD7,,,,
SHFL,,,,
INTS13,,,,
TERF2IP,2,colon,Missense,R397Q; K398N
OGFR,,,,
THYN1,,,,
NXF1,,,,
CGGBP1,,,,
PARP2,,,,
TCF20,,,,
MBD1,,,,
NAP1L2,,,,
AKAP8L,,,,
EXO1,,,,
ZC3HAV1,,,,
NUB1,,,,
